{
    "name": "DRIPPING_HONEY_WAVE",
    "enabled": true,
    "spawning": {
        "biomes": [
            "BIRCH_FOREST",
            "SWAMP"
        ],
        "spawnDistance": 30.0,
        "randMultiplier": 0.5,
        "relativePlayerPosition": false,
        "minY": 80.0,
        "maxY": 90.0,
        "shuffleLocations": true
    },
    "particle": {
        "particleName": "DRIPPING_HONEY",
        "particleType": "WAVE",
        "maxCount": 3,
        "enableLighting": true
    },
    "properties": {
        "rate": 0.6,
        "update": 2,
        "duration": 3,
        "waveCycles": 4,
        "waveAmplitude": 3,
        "rotationAngle": 60,
        "rotationAxis": "x"
    }
}