{
    "name": "FALLING_LAVA_CIRCLE",
    "enabled": true,
    "spawning": {
        "biomes": [
            "DESERT"
        ],
        "spawnDistance": 20.0,
        "randMultiplier": 0.5,
        "relativePlayerPosition": false,
        "minY": 90.0,
        "maxY": 100.0,
        "shuffleLocations": true
    },
    "particle": {
        "particleName": "FALLING_LAVA",
        "particleType": "CIRCLE",
        "maxCount": 4,
        "enableLighting": true
    },
    "properties": {
        "radius": 2.0,
        "rate": 0.4,
        "update": 10,
        "duration": 200,
        "rotationAngle": 0,
        "rotationAxis": "x"
    }
}