{
    "name": "FALLING_NECTAR_CUBE",
    "enabled": true,
    "spawning": {
        "biomes": [
            "FLOWER_FOREST",
            "MUSHROOM_FIELDS",
            "OLD_GROWTH_PINE_TAIGA"
        ],
        "spawnDistance": 20.0,
        "randMultiplier": 0.5,
        "relativePlayerPosition": false,
        "minY": 80.0,
        "maxY": 100.0,
        "shuffleLocations": true
    },
    "particle": {
        "particleName": "FALLING_NECTAR",
        "particleType": "CUBE",
        "maxCount": 5,
        "enableLighting": true
    },
    "properties": {
        "length": 2.5,
        "rate": 0.5,
        "update": 3,
        "duration": 100,
        "rotationAngle": 45,
        "rotationAxis": "x"
    }
}