{
    "name": "FLAME_RING",
    "enabled": true,
    "spawning": {
        "biomes": [
            "DARK_FOREST"
        ],
        "spawnDistance": 10.0,
        "randMultiplier": 0.5,
        "relativePlayerPosition": false,
        "minY": 90.0,
        "maxY": 100.0,
        "shuffleLocations": true
    },
    "particle": {
        "particleName": "FLAME",
        "particleType": "RING",
        "maxCount": 6,
        "enableLighting": false
    },
    "properties": {
        "radius": 1.5,
        "rate": 0.3,
        "update": 8,
        "duration": 70,
        "rotationAngle": 75,
        "rotationAxis": "x"
    }
}