{
    "name": "FLAME_SPHERE",
    "enabled": true,
    "spawning": {
        "biomes": [
            "SAVANNA",
            "SAVANNA_PLATEAU",
            "ERODED_BADLANDS"
        ],
        "spawnDistance": 20.0,
        "randMultiplier": 0.5,
        "relativePlayerPosition": false,
        "minY": 120.0,
        "maxY": 130.0,
        "shuffleLocations": true
    },
    "particle": {
        "particleName": "FLAME",
        "particleType": "SPHERE",
        "maxCount": 4,
        "enableLighting": true
    },
    "properties": {
        "radius": 1,
        "rate": 0.2,
        "update": 6,
        "duration": 120
    }
}