{
    "name": "LAVA_POINT",
    "enabled": true,
    "spawning": {
        "biomes": [
            "WARM_OCEAN"
        ],
        "spawnDistance": 8.0,
        "randMultiplier": 0.5,
        "relativePlayerPosition": false,
        "minY": 90.0,
        "maxY": 110.0,
        "shuffleLocations": true
    },
    "particle": {
        "particleName": "LAVA",
        "particleType": "POINT",
        "maxCount": 20,
        "enableLighting": false
    },
    "properties": {
        "update": 10,
        "duration": 100
    }
}