{
    "name": "NAUTILUS_WAVE",
    "enabled": true,
    "spawning": {
        "biomes": [
            "FOREST",
            "OLD_GROWTH_BIRCH_FOREST"
        ],
        "spawnDistance": 30.0,
        "randMultiplier": 0.5,
        "relativePlayerPosition": false,
        "minY": 80.0,
        "maxY": 90.0,
        "shuffleLocations": true
    },
    "particle": {
        "particleName": "NAUTILUS",
        "particleType": "WAVE",
        "maxCount": 4,
        "enableLighting": true
    },
    "properties": {
        "rate": 0.6,
        "update": 2,
        "duration": 5,
        "waveCycles": 5,
        "waveAmplitude": 3,
        "rotationAngle": 40,
        "rotationAxis": "x"
    }
}