{
    "name": "SNEEZE_WAVE",
    "enabled": true,
    "spawning": {
        "biomes": [
            "OCEAN",
            "LUKEWARM_OCEAN",
            "DEEP_LUKEWARM_OCEAN"
        ],
        "spawnDistance": 30.0,
        "randMultiplier": 0.5,
        "relativePlayerPosition": false,
        "minY": 80.0,
        "maxY": 90.0,
        "shuffleLocations": true
    },
    "particle": {
        "particleName": "SNEEZE",
        "particleType": "WAVE",
        "maxCount": 4,
        "enableLighting": true
    },
    "properties": {
        "rate": 0.6,
        "update": 2,
        "duration": 10,
        "waveCycles": 2,
        "waveAmplitude": 3,
        "rotationAngle": 30,
        "rotationAxis": "x"
    }
}