{
    "name": "SNEEZE_RING",
    "enabled": true,
    "spawning": {
        "biomes": [
            "FLOWER_FOREST",
            "TAIGA",
            "SNOWY_PLAINS"
        ],
        "spawnDistance": 10.0,
        "randMultiplier": 0.5,
        "relativePlayerPosition": false,
        "minY": 85.0,
        "maxY": 105.0,
        "shuffleLocations": true
    },
    "particle": {
        "particleName": "SNEEZE",
        "particleType": "RING",
        "maxCount": 3,
        "enableLighting": true
    },
    "properties": {
        "radius": 3,
        "rate": 0.3,
        "update": 7,
        "duration": 180,
        "rotationAngle": 10,
        "rotationAxis": "x"
    }
}