{
    "name": "SOUL_FIRE_FLAME_CUBE",
    "enabled": true,
    "spawning": {
        "biomes": [
            "FROZEN_RIVER",
            "ICE_SPIKES",
            "DEEP_OCEAN"
        ],
        "spawnDistance": 15.0,
        "randMultiplier": 0.5,
        "relativePlayerPosition": false,
        "minY": 90.0,
        "maxY": 100.0,
        "shuffleLocations": true
    },
    "particle": {
        "particleName": "SOUL_FIRE_FLAME",
        "particleType": "CUBE",
        "maxCount": 7,
        "enableLighting": false
    },
    "properties": {
        "length": 2.0,
        "rate": 0.5,
        "update": 5,
        "duration": 150,
        "rotationAngle": 0,
        "rotationAxis": "x"
    }
}