{
    "name": "SOUL_FIRE_FLAME_POINT",
    "enabled": true,
    "spawning": {
        "biomes": [
            "FROZEN_OCEAN",
            "DEEP_FROZEN_OCEAN",
            "SUNFLOWER_PLAINS"
        ],
        "spawnDistance": 5.0,
        "randMultiplier": 0.5,
        "relativePlayerPosition": false,
        "minY": 80.0,
        "maxY": 100.0,
        "shuffleLocations": true
    },
    "particle": {
        "particleName": "SOUL_FIRE_FLAME",
        "particleType": "POINT",
        "maxCount": 20,
        "enableLighting": false
    },
    "properties": {
        "update": 7,
        "duration": 150
    }
}