{
    "name": "SPELL_WITCH_CIRCLE",
    "enabled": true,
    "spawning": {
        "biomes": [
            "RIVER",
            "BEACH"
        ],
        "spawnDistance": 25.0,
        "randMultiplier": 0.5,
        "relativePlayerPosition": false,
        "minY": 80.0,
        "maxY": 90.0,
        "shuffleLocations": true
    },
    "particle": {
        "particleName": "SPELL_WITCH",
        "particleType": "CIRCLE",
        "maxCount": 4,
        "enableLighting": true
    },
    "properties": {
        "radius": 2.5,
        "rate": 0.3,
        "update": 7,
        "duration": 200,
        "rotationAngle": 0,
        "rotationAxis": "x"
    }
}