{"stats":{"minecraft:dropped":{"minecraft:iron_ingot":67,"minecraft:bread":123,"minecraft:iron_sword":1,"minecraft:porkchop":13,"minecraft:wheat_seeds":31,"epicsamurai:raw_silver":7,"minecraft:netherite_helmet":2,"minecraft:iron_helmet":3,"minecraft:cobblestone":7,"minecraft:leather":9,"minecraft:granite":20,"irons_spellbooks:tarnished_helmet":1,"minecraft:leather_helmet":1,"minecraft:coal":56,"minecraft:red_mushroom":4,"minecraft:stick":21,"ars_nouveau:worn_notebook":3,"minecraft:red_bed":1,"ars_nouveau:red_archwood_log":9,"epicsamurai:steel_ingot":7,"minecraft:dark_oak_fence":6,"irons_spellbooks:hogskin":1,"minecraft:crimson_roots":4,"epicsamurai:jade":20,"minecraft:iron_leggings":2,"minecraft:wooden_sword":1,"minecraft:gold_nugget":10,"minecraft:iron_axe":1,"minecraft:raw_iron_block":1,"minecraft:iron_pickaxe":4,"epicsamurai:aquamarine":3,"minecraft:acacia_planks":32,"minecraft:gold_ingot":23,"minecraft:bone":2,"minecraft:goat_horn":1,"epicsamurai:green_samurai_boots":1,"minecraft:stone_sword":3,"epicsamurai:green_samurai_chestplate":1,"minecraft:cobbled_deepslate":12,"minecraft:raw_copper":3,"minecraft:wheat":1,"epicsamurai:katana":5,"minecraft:raw_iron":28,"minecraft:rotten_flesh":1,"minecraft:iron_boots":1,"minecraft:oak_planks":6,"minecraft:acacia_stairs":3,"minecraft:hay_block":22,"minecraft:shield":1,"minecraft:iron_chestplate":2,"minecraft:andesite":33,"minecraft:melon_seeds":2,"epicsamurai:ruby":1,"ars_nouveau:drygmy_shard":1,"minecraft:acacia_sapling":6,"minecraft:spruce_slab":2,"minecraft:iron_bars":1,"minecraft:arrow":18,"minecraft:raw_gold":33,"minecraft:quartz":11,"minecraft:written_book":1,"minecraft:netherrack":8},"minecraft:broken":{"minecraft:stone_sword":1,"minecraft:stone_pickaxe":2,"minecraft:wooden_sword":1,"minecraft:iron_pickaxe":1},"minecraft:custom":{"minecraft:mob_kills":62,"minecraft:interact_with_crafting_table":40,"minecraft:bell_ring":12,"minecraft:leave_game":19,"minecraft:time_since_death":16984,"minecraft:climb_one_cm":2080,"minecraft:sprint_one_cm":687657,"minecraft:walk_one_cm":422617,"minecraft:drop":127,"minecraft:talked_to_villager":3,"minecraft:play_time":294853,"minecraft:sneak_time":23599,"minecraft:deaths":9,"minecraft:walk_under_water_one_cm":23864,"minecraft:boat_one_cm":128203,"minecraft:jump":3929,"minecraft:interact_with_blast_furnace":26,"minecraft:walk_on_water_one_cm":28564,"minecraft:total_world_time":294853,"minecraft:interact_with_furnace":87,"minecraft:sleep_in_bed":5,"minecraft:time_since_rest":18676,"minecraft:damage_taken":5558,"minecraft:damage_dealt":14569,"minecraft:swim_one_cm":59241,"minecraft:fly_one_cm":783528,"minecraft:open_chest":127,"minecraft:crouch_one_cm":48523,"minecraft:fall_one_cm":110776,"minecraft:horse_one_cm":2416},"minecraft:crafted":{"minecraft:wooden_sword":1,"minecraft:oak_planks":24,"epicsamurai:katana":1,"epicsamurai:green_samurai_chestplate":1,"minecraft:cooked_chicken":4,"minecraft:furnace":1,"minecraft:cooked_mutton":3,"minecraft:iron_boots":1,"minecraft:stone_pickaxe":3,"minecraft:chest":1,"minecraft:wheat":441,"minecraft:cooked_beef":15,"epicsamurai:katana_handle":1,"epicsamurai:green_samurai_helmet":1,"minecraft:cooked_porkchop":3,"minecraft:crafting_table":3,"minecraft:iron_helmet":1,"epicsamurai:green_samurai_boots":1,"minecraft:bucket":1,"minecraft:stone_axe":1,"minecraft:bread":147,"minecraft:acacia_boat":1,"minecraft:air":0,"minecraft:iron_chestplate":1,"minecraft:gold_nugget":9,"minecraft:stick":36,"minecraft:iron_ingot":128,"minecraft:iron_pickaxe":4,"minecraft:stone_sword":3,"minecraft:iron_leggings":1,"minecraft:gold_ingot":15,"minecraft:acacia_planks":100,"epicsamurai:steel_ingot":27},"minecraft:killed":{"irons_spellbooks:summoned_zombie":5,"minecraft:spider":5,"minecraft:skeleton":7,"irons_spellbooks:summoned_skeleton":1,"minecraft:pig":2,"epicsamurai:akaname":1,"minecraft:hoglin":3,"minecraft:creeper":3,"minecraft:sheep":2,"minecraft:pillager":5,"minecraft:zombie":20,"minecraft:villager":1,"minecraft:cow":7},"minecraft:mined":{"minecraft:diamond_ore":2,"minecraft:attached_melon_stem":1,"epicsamurai:deepslate_onyx_ore":2,"minecraft:deepslate_diamond_ore":2,"minecraft:brewing_stand":1,"minecraft:dark_oak_fence":6,"minecraft:granite":20,"minecraft:acacia_log":22,"minecraft:grass_block":4,"epicsamurai:silver_ore":2,"minecraft:crimson_roots":12,"minecraft:weeping_vines":1,"minecraft:red_mushroom":7,"minecraft:crimson_fungus":1,"minecraft:hay_block":95,"minecraft:weeping_vines_plant":2,"epicsamurai:deepslate_jade_ore":1,"minecraft:raw_iron_block":1,"minecraft:furnace":7,"minecraft:iron_ore":78,"minecraft:fire":11,"minecraft:andesite":28,"ars_nouveau:red_archwood_log":9,"minecraft:deepslate_iron_ore":19,"minecraft:dirt_path":6,"minecraft:iron_bars":2,"epicsamurai:deepslate_silver_ore":13,"minecraft:stripped_acacia_log":1,"irons_spellbooks:inscription_table":3,"minecraft:stone":274,"minecraft:orange_bed":7,"minecraft:acacia_leaves":4,"epicsamurai:jade_ore":1,"minecraft:glass_pane":5,"minecraft:red_bed":5,"epicsamurai:deepslate_aquamarine_ore":7,"minecraft:crafting_table":5,"minecraft:blast_furnace":1,"minecraft:poppy":1,"minecraft:melon":24,"minecraft:chest":2,"minecraft:nether_quartz_ore":10,"minecraft:copper_ore":1,"minecraft:tall_grass":23,"minecraft:cobblestone":29,"minecraft:deepslate_coal_ore":1,"minecraft:deepslate_gold_ore":25,"minecraft:lapis_ore":1,"ars_nouveau:red_archwood_leaves":35,"minecraft:wall_torch":1,"minecraft:diorite":7,"minecraft:wheat":4,"minecraft:grass":198,"minecraft:coal_ore":83,"minecraft:oak_log":6,"minecraft:cocoa":1,"minecraft:dirt":25,"minecraft:acacia_planks":6,"minecraft:netherrack":8,"minecraft:gold_ore":17,"minecraft:oak_leaves":1,"minecraft:deepslate":64,"minecraft:fern":1},"minecraft:used":{"minecraft:stone_sword":172,"minecraft:iron_bars":1,"minecraft:armor_stand":1,"minecraft:chest":3,"minecraft:cooked_chicken":4,"minecraft:orange_bed":5,"minecraft:netherrack":1,"minecraft:torch":1,"minecraft:dirt":93,"minecraft:granite":1,"minecraft:weeping_vines":1,"minecraft:iron_axe":21,"minecraft:crimson_roots":4,"minecraft:written_book":2,"minecraft:furnace":5,"minecraft:cooked_beef":10,"minecraft:cobbled_deepslate":63,"minecraft:acacia_planks":5,"minecraft:wheat_seeds":3,"minecraft:cooked_mutton":1,"minecraft:acacia_boat":1,"minecraft:water_bucket":2,"minecraft:diorite":4,"minecraft:stone_pickaxe":322,"minecraft:crafting_table":7,"minecraft:red_bed":4,"minecraft:bread":71,"minecraft:melon_slice":39,"minecraft:iron_pickaxe":412,"minecraft:stone_axe":16,"epicsamurai:katana":239,"minecraft:wooden_sword":61,"minecraft:cobblestone":279,"minecraft:cooked_porkchop":3,"minecraft:bucket":3,"irons_spellbooks:inscription_table":2},"minecraft:picked_up":{"irons_spellbooks:scroll":1,"ars_nouveau:red_archwood_log":9,"minecraft:iron_chestplate":1,"minecraft:cocoa_beans":1,"minecraft:crafting_table":6,"minecraft:wheat":4,"irons_spellbooks:tarnished_helmet":1,"minecraft:lead":1,"minecraft:brewing_stand":1,"minecraft:string":3,"minecraft:red_bed":5,"minecraft:raw_copper":3,"minecraft:wooden_sword":1,"minecraft:armor_stand":3,"epicsamurai:jade":28,"minecraft:smooth_stone":2,"minecraft:gold_nugget":1,"minecraft:cobbled_deepslate":63,"minecraft:beef":15,"minecraft:written_book":1,"minecraft:poppy":1,"minecraft:iron_pickaxe":1,"minecraft:melon_slice":135,"minecraft:chest":2,"irons_spellbooks:inscription_table":3,"minecraft:furnace":7,"minecraft:stick":3,"minecraft:raw_iron":99,"minecraft:torch":1,"minecraft:acacia_log":25,"minecraft:porkchop":16,"minecraft:diorite":4,"minecraft:carrot":1,"minecraft:orange_bed":7,"minecraft:stone_sword":1,"minecraft:arrow":10,"minecraft:weeping_vines":1,"minecraft:rotten_flesh":16,"minecraft:hay_block":95,"epicsamurai:red_samurai_leggings":1,"minecraft:mutton":2,"minecraft:cobblestone":315,"minecraft:iron_bars":2,"minecraft:white_wool":1,"ars_nouveau:drygmy_shard":1,"minecraft:cooked_beef":4,"minecraft:andesite":29,"minecraft:leather":10,"minecraft:red_mushroom":4,"minecraft:acacia_wood":4,"minecraft:oak_log":6,"minecraft:gunpowder":2,"minecraft:dirt":102,"irons_spellbooks:hogskin":1,"minecraft:bone":15,"minecraft:acacia_planks":11,"minecraft:bow":1,"minecraft:wheat_seeds":45,"minecraft:raw_gold":47,"minecraft:iron_ingot":23,"epicsamurai:aquamarine":7,"minecraft:iron_sword":1,"epicsamurai:raw_silver":16,"minecraft:oak_planks":6,"minecraft:acacia_sapling":6,"minecraft:book":1,"epicsamurai:onyx":2,"epicsamurai:katana":4,"ars_nouveau:red_archwood_sapling":2,"minecraft:quartz":11,"minecraft:raw_iron_block":1,"minecraft:blast_furnace":1,"minecraft:acacia_stairs":3,"minecraft:spider_eye":2,"minecraft:leather_helmet":2,"minecraft:stripped_acacia_log":1,"minecraft:diamond":4,"minecraft:netherite_helmet":5,"minecraft:iron_helmet":1,"minecraft:crossbow":1,"minecraft:granite":21,"minecraft:gray_wool":1,"minecraft:bread":38,"epicsamurai:ruby":2,"minecraft:netherrack":9,"minecraft:melon_seeds":2,"minecraft:dark_oak_fence":6,"minecraft:coal":116,"minecraft:crimson_roots":8},"minecraft:killed_by":{"minecraft:player":1,"minecraft:ravager":1,"minecraft:zombie":5}},"DataVersion":3465}