{"stats":{"minecraft:custom":{"minecraft:interact_with_crafting_table":110,"minecraft:open_barrel":6,"minecraft:leave_game":10,"minecraft:time_since_death":37550,"minecraft:sprint_one_cm":1170186,"minecraft:damage_blocked_by_shield":2200,"minecraft:drop":135,"minecraft:talked_to_villager":4,"minecraft:play_time":560327,"minecraft:deaths":29,"minecraft:jump":13793,"minecraft:walk_on_water_one_cm":33920,"minecraft:interact_with_furnace":79,"minecraft:sleep_in_bed":17,"minecraft:damage_dealt":26532,"minecraft:crouch_one_cm":190022,"minecraft:mob_kills":125,"minecraft:climb_one_cm":1713,"minecraft:walk_one_cm":1143302,"minecraft:sneak_time":55681,"minecraft:walk_under_water_one_cm":19934,"minecraft:boat_one_cm":104813,"minecraft:interact_with_lectern":1,"minecraft:interact_with_blast_furnace":26,"minecraft:total_world_time":560327,"minecraft:time_since_rest":999,"minecraft:damage_taken":14001,"minecraft:swim_one_cm":43872,"minecraft:fly_one_cm":2648375,"minecraft:open_chest":125,"minecraft:fall_one_cm":415804},"minecraft:killed_by":{"minecraft:creeper":3,"minecraft:ravager":7,"minecraft:vindicator":1,"minecraft:cave_spider":1,"minecraft:zombie":5,"minecraft:husk":1,"minecraft:player":2,"irons_spellbooks:summoned_skeleton":1,"minecraft:spider":1,"minecraft:skeleton":3,"irons_spellbooks:archevoker":1},"minecraft:broken":{"minecraft:iron_shovel":3,"minecraft:stone_pickaxe":2,"minecraft:stone_sword":1,"minecraft:iron_axe":2,"minecraft:iron_pickaxe":2},"minecraft:mined":{"minecraft:large_amethyst_bud":1,"minecraft:spruce_planks":567,"minecraft:white_bed":7,"minecraft:granite":30,"minecraft:acacia_log":11,"epicsamurai:silver_ore":2,"minecraft:grass_block":501,"ars_nouveau:sourceberry_bush":1,"minecraft:spawner":4,"minecraft:tall_seagrass":1,"epicsamurai:deepslate_jade_ore":17,"minecraft:iron_ore":37,"minecraft:cobbled_deepslate":2,"minecraft:deepslate_lapis_ore":3,"minecraft:dirt_path":1,"epicsamurai:deepslate_silver_ore":7,"minecraft:azalea":2,"minecraft:spruce_slab":13,"minecraft:deepslate_redstone_ore":1,"minecraft:medium_amethyst_bud":1,"minecraft:amethyst_cluster":1,"minecraft:clay":9,"minecraft:torch":4,"minecraft:poppy":1,"minecraft:chest":2,"minecraft:cobblestone":28,"minecraft:sugar_cane":5,"minecraft:oak_planks":56,"ars_nouveau:red_archwood_leaves":3,"minecraft:wall_torch":6,"minecraft:pink_petals":30,"minecraft:seagrass":1,"minecraft:dark_oak_slab":1,"minecraft:wheat":2,"epicsamurai:aquamarine_ore":4,"minecraft:grass":147,"minecraft:oak_log":178,"minecraft:dark_oak_sapling":1,"minecraft:sand":2,"minecraft:dirt":223,"minecraft:oak_leaves":199,"minecraft:deepslate":306,"ars_elemental:yellow_archwood_leaves":24,"minecraft:tuff":21,"epicsamurai:deepslate_onyx_ore":2,"minecraft:dark_oak_leaves":46,"minecraft:deepslate_diamond_ore":13,"minecraft:candle":1,"minecraft:dark_oak_log":37,"minecraft:dark_oak_fence":3,"epicsamurai:deepslate_ruby_ore":22,"minecraft:spruce_fence":38,"minecraft:spruce_leaves":94,"minecraft:moss_block":13,"minecraft:sandstone":4,"minecraft:rooted_dirt":20,"minecraft:hay_block":25,"epicsamurai:onyx_ore":7,"minecraft:furnace":3,"minecraft:andesite":19,"minecraft:gold_block":1,"minecraft:deepslate_iron_ore":30,"minecraft:stone":353,"minecraft:bone_block":2,"minecraft:white_wool":2,"minecraft:podzol":215,"minecraft:acacia_leaves":1,"epicsamurai:jade_ore":15,"minecraft:lily_of_the_valley":4,"minecraft:dandelion":2,"epicsamurai:deepslate_aquamarine_ore":1,"minecraft:crafting_table":5,"minecraft:tall_grass":23,"minecraft:deepslate_gold_ore":33,"minecraft:diorite":2,"minecraft:spruce_stairs":6,"minecraft:spruce_log":382,"minecraft:birch_leaves":1,"minecraft:coal_ore":34,"minecraft:cherry_leaves":3,"minecraft:gravel":8,"minecraft:cobweb":18,"minecraft:acacia_planks":1,"minecraft:spruce_fence_gate":1,"minecraft:gold_ore":1,"epicsamurai:ruby_ore":3,"minecraft:fern":1},"minecraft:picked_up":{"minecraft:wooden_axe":4,"irons_spellbooks:scroll":3,"minecraft:wheat":10,"minecraft:chainmail_boots":1,"minecraft:potion":2,"minecraft:brewing_stand":1,"minecraft:string":8,"irons_spellbooks:arcane_essence":13,"minecraft:cobbled_deepslate":315,"minecraft:spruce_planks":626,"minecraft:written_book":1,"minecraft:iron_pickaxe":2,"minecraft:melon_slice":36,"minecraft:furnace":3,"minecraft:stick":37,"minecraft:acacia_log":11,"minecraft:torch":18,"minecraft:spruce_stairs":8,"minecraft:stone_sword":1,"minecraft:rotten_flesh":33,"epicsamurai:red_samurai_boots":1,"minecraft:cobblestone":388,"ars_nouveau:drygmy_shard":1,"minecraft:pink_petals":77,"minecraft:feather":1,"minecraft:andesite":30,"epicsamurai:red_samurai_chestplate":1,"minecraft:flint":2,"ars_elemental:yellow_archwood_sapling":1,"minecraft:map":4,"minecraft:lapis_lazuli":79,"minecraft:dirt":1398,"minecraft:leather_boots":1,"minecraft:bone":39,"minecraft:acacia_planks":1,"minecraft:bow":1,"ars_nouveau:source_gem":1,"minecraft:wheat_seeds":28,"minecraft:raw_gold":70,"minecraft:moss_block":6,"minecraft:oak_planks":203,"epicsamurai:raw_silver":9,"minecraft:sand":2,"minecraft:grass_block":1,"minecraft:lily_of_the_valley":4,"minecraft:dark_oak_log":43,"minecraft:spruce_fence_gate":1,"minecraft:diamond":14,"minecraft:granite":30,"minecraft:emerald":13,"minecraft:bread":57,"minecraft:rooted_dirt":17,"epicsamurai:ruby":36,"minecraft:oak_sapling":21,"irons_spellbooks:uncommon_ink":1,"minecraft:dark_oak_fence":4,"minecraft:oak_leaves":44,"minecraft:crafting_table":5,"minecraft:chicken":3,"minecraft:gold_block":1,"minecraft:iron_axe":4,"minecraft:moss_carpet":1,"minecraft:wooden_sword":1,"epicsamurai:jade":52,"minecraft:iron_shovel":4,"minecraft:candle":2,"minecraft:beef":40,"minecraft:oak_boat":2,"minecraft:spruce_slab":17,"minecraft:poppy":2,"minecraft:chest":2,"minecraft:sugar_cane":14,"minecraft:egg":9,"minecraft:dark_oak_sapling":6,"minecraft:sandstone":4,"minecraft:raw_iron":72,"minecraft:spruce_fence":30,"ars_nouveau:wixie_shards":1,"minecraft:arrow":8,"minecraft:hay_block":40,"epicsamurai:red_samurai_leggings":1,"minecraft:bone_block":2,"minecraft:white_wool":3,"minecraft:leather":17,"minecraft:oak_log":190,"minecraft:gunpowder":6,"minecraft:paper":13,"irons_spellbooks:rare_ink":1,"irons_spellbooks:common_ink":1,"minecraft:apple":4,"minecraft:iron_ingot":51,"epicsamurai:aquamarine":10,"minecraft:book":1,"epicsamurai:onyx":18,"epicsamurai:katana":1,"minecraft:dark_oak_slab":1,"ars_nouveau:red_archwood_sapling":1,"minecraft:dandelion":3,"minecraft:amethyst_shard":8,"minecraft:spruce_sapling":30,"minecraft:white_bed":8,"minecraft:spruce_log":421,"minecraft:spider_eye":3,"ars_nouveau:wilden_spike":3,"minecraft:stone_axe":1,"minecraft:diamond_axe":2,"minecraft:gray_wool":1,"minecraft:coal":81},"minecraft:used":{"minecraft:moss_block":3,"minecraft:moss_carpet":1,"minecraft:iron_shovel":576,"minecraft:spruce_slab":41,"minecraft:poppy":1,"minecraft:chest":5,"minecraft:shield":34,"minecraft:rotten_flesh":11,"minecraft:lily_of_the_valley":4,"minecraft:grass_block":1,"minecraft:furnace":5,"minecraft:oak_sapling":14,"ars_nouveau:sourceberry_bush":3,"minecraft:egg":4,"minecraft:dark_oak_sapling":4,"minecraft:stone_pickaxe":366,"minecraft:oak_planks":308,"minecraft:wooden_pickaxe":10,"minecraft:sandstone":4,"minecraft:diamond_axe":742,"minecraft:oak_leaves":17,"minecraft:white_wool":2,"minecraft:sand":2,"minecraft:blast_furnace":1,"minecraft:melon_slice":28,"minecraft:bread":103,"minecraft:wooden_sword":1,"minecraft:andesite":2,"minecraft:oak_boat":2,"minecraft:bone_meal":50,"minecraft:experience_bottle":4,"epicsamurai:red_samurai_helmet":2,"minecraft:stone_sword":114,"minecraft:spruce_planks":1383,"minecraft:cooked_chicken":3,"minecraft:stone_hoe":29,"minecraft:torch":77,"minecraft:dirt":1101,"minecraft:spruce_stairs":55,"minecraft:spruce_fence":57,"minecraft:granite":30,"minecraft:wooden_axe":1,"minecraft:iron_axe":708,"minecraft:rooted_dirt":17,"minecraft:beef":14,"minecraft:cooked_beef":9,"minecraft:cobbled_deepslate":157,"minecraft:wheat_seeds":3,"minecraft:spruce_fence_gate":2,"minecraft:crafting_table":13,"minecraft:white_bed":7,"minecraft:spruce_log":1,"minecraft:oak_log":41,"minecraft:diamond_pickaxe":148,"minecraft:apple":3,"minecraft:diamond_shovel":249,"minecraft:iron_pickaxe":573,"minecraft:spruce_sapling":28,"epicsamurai:katana":315,"minecraft:cobblestone":190},"minecraft:killed":{"minecraft:cave_spider":3,"minecraft:spider":9,"minecraft:skeleton":15,"minecraft:chicken":3,"minecraft:wolf":1,"minecraft:creeper":8,"minecraft:sheep":6,"minecraft:trader_llama":2,"minecraft:zombie":41,"minecraft:cow":18,"minecraft:vex":3,"minecraft:vindicator":2,"minecraft:drowned":1,"minecraft:husk":6,"ars_nouveau:drygmy":1,"minecraft:ravager":1,"ars_nouveau:whirlisprig":2},"minecraft:dropped":{"minecraft:candle":2,"minecraft:moss_block":3,"minecraft:diamond_axe":2,"minecraft:lapis_lazuli":4,"minecraft:cooked_beef":3,"minecraft:dark_oak_slab":1,"minecraft:flint":2,"minecraft:dirt":9,"minecraft:dark_oak_fence":4,"epicsamurai:red_samurai_leggings":1,"epicsamurai:jade":27,"minecraft:gold_nugget":1,"minecraft:iron_pickaxe":1,"minecraft:white_wool":1,"minecraft:bone":19,"minecraft:stone_axe":1,"minecraft:cobbled_deepslate":138,"epicsamurai:green_samurai_chestplate":1,"epicsamurai:katana":2,"minecraft:rotten_flesh":7,"minecraft:oak_planks":283,"minecraft:diamond_shovel":1,"minecraft:white_bed":1,"epicsamurai:green_samurai_leggings":1,"minecraft:poppy":1,"ars_nouveau:drygmy_shard":1,"minecraft:egg":5,"minecraft:iron_ingot":1,"minecraft:bread":30,"minecraft:wheat_seeds":10,"epicsamurai:green_samurai_helmet":1,"minecraft:iron_helmet":1,"minecraft:cobblestone":19,"minecraft:coal":5,"minecraft:stick":4,"irons_spellbooks:scroll":1,"ars_nouveau:worn_notebook":2,"minecraft:gray_wool":1,"minecraft:torch":7,"minecraft:wooden_axe":1,"minecraft:melon_slice":4,"minecraft:iron_axe":3,"minecraft:orange_bed":1,"minecraft:smooth_stone":2,"minecraft:iron_shovel":4,"minecraft:paper":12,"minecraft:string":1,"minecraft:acacia_planks":4,"minecraft:dandelion":1,"epicsamurai:green_samurai_boots":1,"minecraft:hay_block":15,"minecraft:spruce_planks":690,"minecraft:iron_chestplate":1,"minecraft:andesite":28,"epicsamurai:ruby":7,"minecraft:oak_boat":1,"minecraft:stone_bricks":2,"minecraft:spider_eye":2,"minecraft:bow":1,"minecraft:stone_pickaxe":1,"minecraft:wooden_pickaxe":1},"minecraft:crafted":{"minecraft:oak_planks":528,"minecraft:smooth_stone":5,"ars_nouveau:archwood_planks":8,"epicsamurai:green_samurai_chestplate":1,"minecraft:cooked_chicken":3,"minecraft:stone":5,"minecraft:diamond_shovel":2,"epicsamurai:red_samurai_chestplate":1,"epicsamurai:red_samurai_boots":1,"epicsamurai:red_samurai_leggings":2,"minecraft:melon_seeds":3,"minecraft:chest":4,"minecraft:stone_hoe":1,"epicsamurai:green_samurai_helmet":1,"minecraft:diamond_axe":1,"minecraft:crafting_table":8,"minecraft:spruce_planks":1680,"minecraft:wooden_pickaxe":1,"minecraft:iron_helmet":1,"epicsamurai:green_samurai_boots":1,"minecraft:diamond_pickaxe":1,"minecraft:iron_chestplate":1,"minecraft:charcoal":1,"minecraft:shield":1,"minecraft:stick":88,"minecraft:iron_ingot":49,"minecraft:iron_pickaxe":3,"minecraft:gold_ingot":18,"minecraft:spruce_fence_gate":1,"epicsamurai:katana":2,"minecraft:furnace":3,"minecraft:blast_furnace":1,"minecraft:bone_meal":51,"minecraft:spruce_fence":33,"minecraft:spruce_stairs":68,"minecraft:iron_axe":2,"minecraft:spruce_slab":24,"minecraft:stone_pickaxe":3,"minecraft:glistering_melon_slice":1,"minecraft:wheat":253,"minecraft:cooked_beef":22,"epicsamurai:katana_handle":2,"minecraft:bread":96,"minecraft:air":0,"minecraft:oak_boat":2,"minecraft:gold_nugget":18,"minecraft:iron_shovel":3,"minecraft:acacia_planks":44,"epicsamurai:steel_ingot":20,"minecraft:torch":64,"epicsamurai:green_samurai_leggings":1,"epicsamurai:red_samurai_helmet":1}},"DataVersion":3465}