{"stats":{"minecraft:custom":{"minecraft:animals_bred":16,"minecraft:interact_with_crafting_table":141,"minecraft:open_barrel":10,"minecraft:leave_game":14,"minecraft:time_since_death":100348,"minecraft:sprint_one_cm":1588026,"minecraft:damage_blocked_by_shield":2200,"minecraft:drop":166,"minecraft:talked_to_villager":4,"minecraft:play_time":744775,"minecraft:deaths":36,"minecraft:jump":18847,"minecraft:walk_on_water_one_cm":47540,"minecraft:interact_with_furnace":140,"minecraft:sleep_in_bed":20,"minecraft:damage_dealt":44147,"minecraft:crouch_one_cm":233685,"minecraft:interact_with_anvil":14,"minecraft:mob_kills":198,"minecraft:climb_one_cm":1713,"minecraft:walk_one_cm":1507968,"minecraft:sneak_time":74249,"minecraft:walk_under_water_one_cm":25535,"minecraft:boat_one_cm":104813,"minecraft:interact_with_lectern":1,"minecraft:interact_with_blast_furnace":49,"minecraft:total_world_time":744775,"minecraft:time_since_rest":75065,"minecraft:damage_taken":18621,"minecraft:swim_one_cm":46905,"minecraft:fly_one_cm":3619035,"minecraft:open_chest":208,"minecraft:fall_one_cm":588848},"minecraft:killed":{"minecraft:cave_spider":6,"minecraft:spider":17,"minecraft:skeleton":24,"minecraft:chicken":4,"irons_spellbooks:summoned_skeleton":1,"epicsamurai:enenra":1,"minecraft:wolf":1,"minecraft:pig":1,"minecraft:iron_golem":1,"irons_spellbooks:necromancer":4,"minecraft:creeper":17,"minecraft:sheep":10,"minecraft:trader_llama":2,"minecraft:zombie":55,"minecraft:cow":21,"minecraft:vex":3,"irons_spellbooks:summoned_zombie":3,"minecraft:vindicator":2,"minecraft:drowned":1,"minecraft:husk":6,"ars_nouveau:drygmy":1,"epicsamurai:akaname":4,"irons_spellbooks:citadel_keeper":6,"minecraft:ravager":1,"ars_nouveau:whirlisprig":2},"minecraft:picked_up":{"minecraft:wooden_axe":4,"irons_spellbooks:scroll":5,"minecraft:iron_chestplate":2,"minecraft:wheat":161,"minecraft:chainmail_boots":1,"minecraft:potion":2,"minecraft:brewing_stand":1,"minecraft:string":40,"minecraft:soul_soil":4,"irons_spellbooks:arcane_essence":14,"minecraft:gold_nugget":81,"minecraft:cobbled_deepslate":337,"minecraft:spruce_planks":626,"minecraft:written_book":1,"minecraft:iron_pickaxe":2,"minecraft:melon_slice":36,"minecraft:furnace":3,"minecraft:stick":38,"minecraft:torch":19,"minecraft:acacia_log":11,"minecraft:spruce_stairs":8,"minecraft:porkchop":2,"minecraft:diorite":16,"minecraft:stone_sword":1,"minecraft:rotten_flesh":67,"epicsamurai:red_samurai_boots":2,"minecraft:obsidian":10,"ars_nouveau:drygmy_shard":1,"minecraft:cobblestone":572,"minecraft:pink_petals":77,"minecraft:feather":3,"minecraft:andesite":72,"epicsamurai:red_samurai_chestplate":1,"minecraft:flint":5,"ars_elemental:yellow_archwood_sapling":1,"minecraft:wither_skeleton_skull":3,"minecraft:map":4,"minecraft:lapis_lazuli":79,"minecraft:dirt":1435,"minecraft:leather_boots":1,"minecraft:bone":44,"minecraft:acacia_planks":1,"minecraft:bow":1,"minecraft:wheat_seeds":445,"ars_nouveau:source_gem":1,"minecraft:raw_gold":70,"minecraft:moss_block":6,"epicsamurai:raw_silver":9,"minecraft:oak_planks":207,"minecraft:sand":42,"minecraft:grass_block":1,"minecraft:lily_of_the_valley":4,"minecraft:dark_oak_log":43,"minecraft:spruce_fence_gate":1,"minecraft:diamond":20,"minecraft:granite":30,"minecraft:emerald":13,"minecraft:bread":57,"minecraft:rooted_dirt":17,"epicsamurai:ruby":39,"minecraft:oak_sapling":32,"minecraft:netherrack":112,"irons_spellbooks:uncommon_ink":1,"minecraft:dark_oak_fence":4,"minecraft:oak_leaves":44,"minecraft:crafting_table":5,"minecraft:chicken":4,"minecraft:gold_block":1,"minecraft:orange_banner":2,"minecraft:moss_carpet":1,"minecraft:iron_axe":4,"minecraft:wooden_sword":2,"minecraft:netherite_scrap":2,"epicsamurai:jade":65,"minecraft:iron_shovel":4,"minecraft:candle":2,"minecraft:beef":50,"epicsamurai:akaname_tongue":10,"minecraft:oak_boat":2,"minecraft:iron_nugget":149,"minecraft:poppy":3,"minecraft:spruce_slab":17,"minecraft:chest":2,"minecraft:sugar_cane":14,"minecraft:egg":16,"minecraft:dark_oak_sapling":6,"minecraft:sandstone":4,"minecraft:raw_iron":196,"minecraft:spruce_fence":30,"ars_nouveau:wixie_shards":1,"minecraft:arrow":8,"minecraft:hay_block":40,"minecraft:black_banner":2,"epicsamurai:red_samurai_leggings":1,"minecraft:mutton":6,"minecraft:bone_block":27,"minecraft:rail":14,"minecraft:white_wool":7,"minecraft:leather":20,"minecraft:oak_log":190,"minecraft:gunpowder":14,"minecraft:paper":13,"irons_spellbooks:rare_ink":1,"irons_spellbooks:common_ink":1,"minecraft:apple":5,"minecraft:iron_ingot":56,"irons_spellbooks:cinder_essence":9,"epicsamurai:aquamarine":12,"minecraft:soul_sand":14,"minecraft:book":1,"epicsamurai:onyx":18,"epicsamurai:katana":1,"minecraft:dark_oak_slab":2,"ars_nouveau:red_archwood_sapling":1,"minecraft:dandelion":3,"minecraft:amethyst_shard":12,"minecraft:spruce_sapling":30,"minecraft:white_bed":8,"minecraft:spruce_log":421,"minecraft:spider_eye":5,"ars_nouveau:wilden_spike":3,"travelersbackpack:standard":2,"minecraft:stone_axe":2,"minecraft:diamond_axe":2,"minecraft:gray_wool":1,"minecraft:coal":83},"minecraft:broken":{"minecraft:iron_shovel":3,"minecraft:stone_pickaxe":2,"minecraft:iron_hoe":1,"minecraft:stone_sword":1,"minecraft:iron_axe":2,"minecraft:iron_pickaxe":2},"minecraft:dropped":{"minecraft:candle":2,"minecraft:moss_block":3,"minecraft:diamond_axe":2,"minecraft:lapis_lazuli":4,"minecraft:cooked_beef":3,"minecraft:dark_oak_slab":1,"travelersbackpack:standard":1,"minecraft:flint":5,"minecraft:dirt":17,"minecraft:dark_oak_fence":4,"epicsamurai:red_samurai_leggings":1,"epicsamurai:jade":27,"minecraft:gold_nugget":1,"minecraft:iron_pickaxe":1,"minecraft:white_wool":2,"minecraft:bone":19,"minecraft:stone_axe":3,"minecraft:iron_nugget":2,"epicsamurai:green_samurai_chestplate":1,"minecraft:cobbled_deepslate":138,"minecraft:obsidian":1,"epicsamurai:katana":2,"minecraft:rotten_flesh":35,"minecraft:oak_planks":283,"minecraft:diamond_shovel":1,"minecraft:white_bed":1,"epicsamurai:green_samurai_leggings":1,"minecraft:poppy":1,"minecraft:gunpowder":2,"ars_nouveau:drygmy_shard":1,"minecraft:beef":3,"minecraft:egg":5,"minecraft:iron_ingot":1,"minecraft:bread":30,"minecraft:wheat_seeds":34,"epicsamurai:green_samurai_helmet":1,"minecraft:iron_helmet":1,"minecraft:feather":2,"minecraft:cobblestone":40,"minecraft:coal":6,"minecraft:stick":4,"irons_spellbooks:scroll":1,"ars_nouveau:worn_notebook":2,"minecraft:gray_wool":1,"minecraft:diorite":16,"minecraft:torch":7,"minecraft:wooden_axe":1,"minecraft:melon_slice":4,"minecraft:iron_axe":3,"minecraft:smooth_stone":2,"minecraft:orange_bed":1,"minecraft:iron_shovel":4,"minecraft:paper":12,"minecraft:string":4,"minecraft:acacia_planks":4,"minecraft:dandelion":3,"epicsamurai:green_samurai_boots":1,"epicsamurai:red_samurai_boots":1,"minecraft:spruce_fence":5,"minecraft:hay_block":15,"minecraft:spruce_planks":690,"minecraft:iron_chestplate":4,"minecraft:andesite":30,"epicsamurai:ruby":7,"minecraft:oak_boat":1,"minecraft:spider_eye":2,"minecraft:stone_bricks":2,"minecraft:bow":1,"minecraft:stone_pickaxe":1,"minecraft:wooden_pickaxe":1},"minecraft:used":{"minecraft:moss_block":3,"minecraft:moss_carpet":1,"minecraft:iron_shovel":576,"minecraft:spruce_slab":41,"minecraft:poppy":1,"minecraft:chest":5,"minecraft:shield":34,"minecraft:rotten_flesh":27,"minecraft:soul_sand":4,"minecraft:lily_of_the_valley":4,"minecraft:obsidian":10,"minecraft:grass_block":1,"minecraft:dark_oak_slab":1,"minecraft:oak_sapling":14,"minecraft:furnace":5,"ars_nouveau:sourceberry_bush":3,"minecraft:egg":10,"minecraft:dark_oak_sapling":4,"minecraft:oak_planks":314,"minecraft:stone_pickaxe":366,"minecraft:wooden_pickaxe":10,"minecraft:sandstone":4,"minecraft:diamond_axe":744,"minecraft:oak_leaves":44,"minecraft:white_wool":2,"minecraft:sand":2,"minecraft:black_banner":2,"minecraft:blast_furnace":2,"minecraft:melon_slice":28,"minecraft:bread":152,"minecraft:wooden_sword":5,"minecraft:andesite":42,"minecraft:oak_boat":2,"minecraft:bone_meal":282,"minecraft:experience_bottle":4,"epicsamurai:red_samurai_helmet":3,"minecraft:stone_sword":114,"minecraft:flint_and_steel":1,"minecraft:spruce_planks":1383,"minecraft:cooked_chicken":3,"minecraft:stone_hoe":29,"minecraft:netherrack":109,"minecraft:torch":92,"minecraft:dirt":1385,"minecraft:anvil":1,"minecraft:spruce_stairs":55,"minecraft:granite":30,"minecraft:spruce_fence":57,"minecraft:iron_hoe":250,"minecraft:wooden_axe":1,"minecraft:iron_axe":708,"minecraft:rooted_dirt":17,"minecraft:beef":14,"minecraft:soul_soil":25,"minecraft:cooked_beef":12,"minecraft:cobbled_deepslate":166,"minecraft:wheat_seeds":178,"minecraft:water_bucket":8,"minecraft:spruce_fence_gate":2,"minecraft:crafting_table":13,"minecraft:white_bed":7,"minecraft:spruce_log":1,"minecraft:oak_log":41,"minecraft:diamond_pickaxe":790,"minecraft:apple":4,"minecraft:diamond_shovel":303,"minecraft:iron_pickaxe":573,"minecraft:spruce_sapling":28,"epicsamurai:katana":635,"travelersbackpack:standard":9,"minecraft:cobblestone":466,"minecraft:orange_banner":2,"minecraft:porkchop":8,"minecraft:cooked_porkchop":2,"minecraft:bucket":9,"irons_spellbooks:inscription_table":1},"minecraft:killed_by":{"minecraft:creeper":3,"minecraft:ravager":7,"minecraft:vindicator":1,"irons_spellbooks:citadel_keeper":1,"minecraft:cave_spider":1,"minecraft:zombie":5,"minecraft:husk":1,"minecraft:player":2,"irons_spellbooks:summoned_skeleton":1,"minecraft:spider":1,"irons_spellbooks:necromancer":2,"minecraft:skeleton":4,"irons_spellbooks:archevoker":1},"minecraft:crafted":{"minecraft:smooth_stone":8,"minecraft:oak_planks":528,"ars_nouveau:archwood_planks":8,"epicsamurai:green_samurai_chestplate":1,"irons_spellbooks:iron_spell_book":1,"minecraft:cooked_chicken":3,"minecraft:chain":3,"minecraft:stone":8,"minecraft:diamond_shovel":2,"epicsamurai:red_samurai_chestplate":1,"epicsamurai:red_samurai_boots":1,"minecraft:glass":12,"epicsamurai:red_samurai_leggings":2,"minecraft:melon_seeds":3,"minecraft:chest":5,"minecraft:stone_hoe":1,"minecraft:wooden_shovel":1,"epicsamurai:green_samurai_helmet":1,"minecraft:cooked_porkchop":2,"minecraft:diamond_axe":1,"minecraft:crafting_table":8,"minecraft:spruce_planks":1680,"travelersbackpack:standard":1,"minecraft:wooden_pickaxe":1,"minecraft:iron_helmet":1,"epicsamurai:green_samurai_boots":1,"minecraft:paper":3,"minecraft:iron_chestplate":1,"minecraft:diamond_pickaxe":1,"minecraft:charcoal":12,"minecraft:shield":1,"minecraft:stick":92,"minecraft:iron_ingot":202,"minecraft:iron_pickaxe":3,"minecraft:iron_block":4,"minecraft:gold_ingot":52,"minecraft:spruce_fence_gate":1,"epicsamurai:katana":2,"minecraft:iron_nugget":9,"minecraft:furnace":4,"minecraft:blast_furnace":2,"minecraft:bone_meal":282,"irons_spellbooks:graybeard_staff":1,"minecraft:spruce_fence":33,"minecraft:flint_and_steel":1,"minecraft:spruce_stairs":68,"travelersbackpack:white_sleeping_bag":1,"minecraft:iron_axe":2,"minecraft:iron_hoe":1,"minecraft:spruce_slab":24,"minecraft:stone_pickaxe":3,"minecraft:glistering_melon_slice":1,"minecraft:wheat":253,"minecraft:cooked_beef":22,"epicsamurai:katana_handle":2,"travelersbackpack:backpack_tank":2,"minecraft:bucket":1,"minecraft:air":0,"minecraft:bread":146,"minecraft:oak_boat":2,"minecraft:gold_nugget":18,"minecraft:iron_shovel":3,"minecraft:anvil":1,"minecraft:acacia_planks":44,"epicsamurai:steel_ingot":20,"minecraft:torch":64,"epicsamurai:green_samurai_leggings":1,"epicsamurai:red_samurai_helmet":1},"minecraft:mined":{"minecraft:large_amethyst_bud":2,"minecraft:spruce_planks":567,"minecraft:white_bed":7,"irons_spellbooks:armor_pile":12,"minecraft:obsidian":10,"minecraft:granite":30,"minecraft:acacia_log":11,"epicsamurai:silver_ore":2,"minecraft:grass_block":501,"minecraft:soul_soil":4,"ars_nouveau:sourceberry_bush":1,"minecraft:spawner":6,"minecraft:tall_seagrass":1,"epicsamurai:deepslate_jade_ore":18,"minecraft:iron_ore":116,"minecraft:cobbled_deepslate":2,"minecraft:fire":2,"minecraft:deepslate_lapis_ore":3,"minecraft:dirt_path":1,"epicsamurai:deepslate_silver_ore":7,"minecraft:azalea":2,"minecraft:spruce_slab":13,"minecraft:deepslate_redstone_ore":1,"minecraft:medium_amethyst_bud":2,"minecraft:amethyst_cluster":2,"minecraft:clay":9,"minecraft:torch":5,"minecraft:poppy":1,"minecraft:chest":2,"minecraft:cobblestone":34,"minecraft:sugar_cane":5,"minecraft:oak_planks":58,"ars_nouveau:red_archwood_leaves":3,"minecraft:wall_torch":6,"minecraft:pink_petals":30,"minecraft:seagrass":1,"minecraft:dark_oak_slab":1,"minecraft:wheat":146,"epicsamurai:aquamarine_ore":5,"minecraft:grass":213,"minecraft:oak_log":178,"minecraft:dark_oak_sapling":1,"minecraft:sand":37,"minecraft:dirt":233,"minecraft:wither_skeleton_skull":3,"minecraft:netherrack":148,"minecraft:oak_leaves":425,"minecraft:deepslate":338,"ars_elemental:yellow_archwood_leaves":24,"minecraft:tuff":22,"epicsamurai:deepslate_onyx_ore":2,"minecraft:dark_oak_leaves":46,"minecraft:deepslate_diamond_ore":19,"minecraft:candle":1,"minecraft:dark_oak_log":37,"minecraft:orange_banner":2,"minecraft:dark_oak_fence":3,"epicsamurai:deepslate_ruby_ore":24,"minecraft:black_banner":1,"minecraft:spruce_fence":38,"minecraft:spruce_leaves":94,"minecraft:moss_block":13,"minecraft:sandstone":4,"minecraft:rooted_dirt":20,"minecraft:hay_block":25,"epicsamurai:onyx_ore":7,"minecraft:furnace":3,"minecraft:andesite":58,"minecraft:gold_block":1,"minecraft:deepslate_iron_ore":72,"minecraft:rail":14,"minecraft:stone":525,"minecraft:bone_block":29,"minecraft:white_wool":2,"minecraft:podzol":215,"minecraft:acacia_leaves":1,"epicsamurai:jade_ore":27,"minecraft:soul_sand":11,"minecraft:lily_of_the_valley":4,"travelersbackpack:standard":1,"minecraft:dandelion":2,"epicsamurai:deepslate_aquamarine_ore":2,"minecraft:crafting_table":5,"minecraft:tall_grass":25,"minecraft:deepslate_coal_ore":1,"minecraft:deepslate_gold_ore":33,"minecraft:diorite":18,"minecraft:spruce_stairs":6,"minecraft:spruce_log":382,"minecraft:birch_leaves":1,"minecraft:coal_ore":35,"minecraft:cherry_leaves":3,"minecraft:gravel":8,"minecraft:cobweb":37,"minecraft:acacia_planks":1,"minecraft:spruce_fence_gate":1,"minecraft:gold_ore":1,"epicsamurai:ruby_ore":4,"minecraft:fern":1}},"DataVersion":3465}