{"stats":{"minecraft:custom":{"minecraft:interact_with_furnace":4,"minecraft:mob_kills":18,"minecraft:interact_with_crafting_table":13,"minecraft:leave_game":4,"minecraft:time_since_death":115276,"minecraft:sleep_in_bed":6,"minecraft:time_since_rest":5384,"minecraft:sprint_one_cm":263737,"minecraft:damage_taken":1381,"minecraft:walk_one_cm":576845,"minecraft:drop":64,"minecraft:damage_dealt":4020,"minecraft:player_kills":1,"minecraft:fly_one_cm":180128,"minecraft:open_chest":28,"minecraft:crouch_one_cm":855,"minecraft:play_time":180179,"minecraft:sneak_time":562,"minecraft:deaths":1,"minecraft:walk_under_water_one_cm":165,"minecraft:boat_one_cm":80090,"minecraft:jump":1612,"minecraft:interact_with_blast_furnace":3,"minecraft:walk_on_water_one_cm":6257,"minecraft:total_world_time":180179,"minecraft:fall_one_cm":28240},"minecraft:killed_by":{"minecraft:zombie":1},"minecraft:killed":{"minecraft:pig":2,"minecraft:spider":2,"minecraft:sheep":3,"minecraft:skeleton":5,"minecraft:zombie":3,"minecraft:chicken":1,"minecraft:cow":1},"minecraft:used":{"minecraft:iron_shovel":266,"minecraft:chest":1,"minecraft:wooden_shovel":63,"minecraft:torch":15,"minecraft:dirt":349,"minecraft:mutton":1,"minecraft:crafting_table":2,"minecraft:white_bed":3,"minecraft:diamond_shovel":1298,"minecraft:chicken":1,"minecraft:bread":35,"minecraft:iron_axe":40,"minecraft:iron_pickaxe":103,"epicsamurai:katana":88,"minecraft:stone_axe":96,"minecraft:beef":3,"minecraft:porkchop":4,"minecraft:oak_boat":2},"minecraft:broken":{"minecraft:iron_shovel":1,"minecraft:wooden_shovel":1},"minecraft:crafted":{"minecraft:oak_planks":8,"minecraft:wooden_shovel":1,"minecraft:oak_boat":1,"minecraft:white_bed":2},"minecraft:dropped":{"minecraft:bread":58,"minecraft:stone_axe":1,"minecraft:lapis_lazuli":64,"epicsamurai:red_samurai_boots":1,"epicsamurai:katana":2,"minecraft:leather":1,"minecraft:dirt":192,"minecraft:gray_wool":2,"minecraft:torch":15,"epicsamurai:red_samurai_chestplate":1,"minecraft:iron_chestplate":1,"minecraft:melon_slice":32,"epicsamurai:ruby":5,"minecraft:map":4,"minecraft:potion":1,"minecraft:iron_axe":1,"minecraft:arrow":2,"epicsamurai:red_samurai_helmet":1,"minecraft:iron_pickaxe":1,"minecraft:string":1},"minecraft:picked_up":{"epicsamurai:green_samurai_boots":1,"irons_spellbooks:scroll":2,"minecraft:crafting_table":2,"minecraft:pink_petals":4,"minecraft:iron_chestplate":2,"minecraft:chicken":1,"minecraft:leather":1,"epicsamurai:red_samurai_chestplate":2,"minecraft:potion":3,"ars_elemental:yellow_archwood_sapling":2,"minecraft:oak_log":2,"minecraft:shield":1,"minecraft:gunpowder":3,"minecraft:lapis_lazuli":128,"minecraft:string":2,"minecraft:dirt":1496,"minecraft:iron_axe":1,"irons_spellbooks:rare_ink":1,"minecraft:name_tag":1,"irons_spellbooks:common_ink":1,"epicsamurai:jade":5,"minecraft:iron_shovel":1,"minecraft:bone":47,"minecraft:wheat_seeds":41,"minecraft:bow":1,"irons_spellbooks:arcane_essence":13,"ars_nouveau:source_gem":1,"minecraft:raw_gold":35,"minecraft:iron_ingot":20,"minecraft:beef":3,"minecraft:oak_boat":2,"epicsamurai:green_samurai_leggings":1,"minecraft:iron_pickaxe":2,"epicsamurai:aquamarine":5,"minecraft:chest":1,"minecraft:oak_planks":8,"minecraft:egg":1,"epicsamurai:onyx":9,"minecraft:dark_oak_sapling":3,"minecraft:stick":25,"epicsamurai:katana":4,"epicsamurai:green_samurai_helmet":1,"irons_spellbooks:shriving_stone":1,"ars_nouveau:red_archwood_sapling":1,"minecraft:torch":34,"minecraft:dandelion":1,"minecraft:porkchop":4,"ars_nouveau:bastion_pod":1,"minecraft:amethyst_shard":4,"ars_nouveau:frostaya_pod":3,"minecraft:white_bed":1,"ars_elemental:yellow_archwood_log":25,"ars_nouveau:wixie_shards":1,"ars_nouveau:wilden_spike":3,"minecraft:diamond_shovel":1,"minecraft:arrow":24,"minecraft:rotten_flesh":9,"minecraft:diamond":14,"minecraft:iron_helmet":1,"minecraft:golden_apple":3,"minecraft:gray_wool":2,"epicsamurai:red_samurai_leggings":1,"epicsamurai:red_samurai_helmet":2,"minecraft:emerald":12,"minecraft:bread":68,"epicsamurai:red_samurai_boots":2,"epicsamurai:ruby":5,"irons_spellbooks:uncommon_ink":1,"minecraft:mutton":7,"ars_nouveau:drygmy_shard":1,"minecraft:bone_block":1,"epicsamurai:green_samurai_chestplate":1,"minecraft:white_wool":7,"minecraft:cobblestone":89},"minecraft:mined":{"minecraft:white_bed":1,"minecraft:lily_of_the_valley":1,"minecraft:crafting_table":2,"minecraft:torch":1,"minecraft:grass_block":1238,"ars_nouveau:bastion_pod":1,"minecraft:tall_grass":21,"ars_elemental:yellow_archwood_log":25,"ars_nouveau:frostaya_pod":1,"minecraft:pink_petals":3,"ars_nouveau:purple_archwood_leaves":13,"minecraft:fire":1,"minecraft:grass":215,"ars_nouveau:red_archwood_log":3,"minecraft:oak_log":4,"minecraft:dirt_path":2,"minecraft:dirt":298,"minecraft:stone":88,"minecraft:bone_block":1,"minecraft:oak_leaves":14}},"DataVersion":3465}